year,state,pop_2016.x,pct_pop_age0-18_2016,pct_pop_age19-25_2016,pct_pop_age26-34_2016,pct_pop_age35-54_2016,pct_pop_age55-64_2016,pct_pop_age65_2016,pct_citizen_2016,pct_male_2016,pct_female_2016,pct_white_2016,pct_black_2016,pct_hispanic_2016,pct_asian_2016,pct_native_2016,pct_pacific_2016,pct_two_or_more_races_2016,pct_fpv<100_2016,pct_fpv100-199_2016,pct_fpv200-399_2016,pct_fpv>400_2016,med_house_income_2016,pct_unemployed_2016,avg_monthly_SNAP_2016,expend_per_cap_2016,forclosure_rate_2016,pct_change_monthly_umployment_2016,pct_change_monthly_SNAP_2016,economic_distress_rank_2016,pct_any_mental_illness_2016,pct_serious_mental_illness_2016,any_mental_illness_2016,serious_mental_illness_2016,cancer_death_rate_2016,death_rate_2016,cvs_death_rate_2016,firearm_death_rate_2016,opioid_od_death_rate_2016,all_drug_od_death_rate_2016,flu_pna_death_2016,pct_smoke_2017,reported_poor_health_2017,expansion_2017,total_medicaid_enroll_2017,expansion_group_enrolled_2017,expansion_group_newly_eligible_enrolled_2017,hosp_expense_inpatient_day_2016,hosp_rate_gov_hosp_2016,hosp_rate_nonprofit_hosp_2016,hosp_rate_forprofit_hosp_2016,hosp_rate_total_2016,pct_uninsured_2013,pct_uninsured_2016,pct_change_uninsured_2013_2016,herfindahl_hirschman_Index_2016,market_share_largest_insure_2016,no_insure_>5%_mark_share_2016,gross_margins_per_member_2016,total_pc_hpsa_2017,pop_hpsa_2017,pct_needs_met_2017,no_practitioners_needed_2017,pct_hdhp_2017,avg_fam_prem_employee_cont_2017,avg_fam_prem_employer_cont_2017,avg_fam_prem_total_2017,avg_sing_prem_employee_cont_2017,avg_sing_prem_employer_cont_2017,avg_sing_prem_total_2017,hc_exp_per_cap_2014,avg_bench_mktplace_prem,pct_pot_mkt_pop_enrol_2016,no_insur_provid_2016,insur_spend_per_cap_2014,pct_not_hav_pcp_2017,quality_rank_2016,quality_value_2016,no_pcp_2018,no_specialist_2018,no_total_md_2018,pop_2016.y,land_area,pop_density,no_pcp_per_pop,no_specialists_per_pop,(no_total_md_pop = (no_total_md_2018/pop_2016.x) * 1000)
2016,Alabama,4834100,24,9,11,26,14.000000000000002,16,98,48,52,0.66,0.27,0.04,NA,NA,NA,0.01,16.46,18.65,29.830000000000002,35.05,47221,6,850804,5313,1277,-5.7,-6,31,0.181,0.041,NA,NA,174,920.4,222.5,21.5,7.5,16.2,17.1,0.209,0.233,0,1050100,NA,NA,1479.77,377,154,201,731,20.3,14.099999999999998,-6.2,6162,76,3,7,99,1919497,57.58,278,39.2,4640,12262,16902,1593,4482,6075,7281,297,33,3,3641,20.8,47,-0.793,5788,6165,11953,4834100,50750,95.25320197044336,1.1973273204939907,1.275314950042407,2.4726422705363977
2016,Alaska,710800,28.000000000000004,10,15,23,12,12,96,51,49,0.6,0.03,0.07,0.05,0.17,0.02,0.07,13.020000000000001,14.21,27.800000000000004,44.97,75723,6.6000000000000005,82326,13522,5380,3.2,1.9,23,0.189,0.043,NA,NA,158.7,745.6,141,23.3,12.5,16.8,12.5,0.21,0.177,1,155700,22900,22900,2447.07,65,368,86,519,23,17.599999999999998,-5.4,4953,54,2,168,86,116708,29.15,29,52,6264,16153,22417,1514,6450,7964,11064,719,35,2,5958,31.3,30,-0.031,1026,837,1863,710800,570641,1.245616771315065,1.4434440067529544,1.1775464265616207,2.6209904333145753
2016,Arizona,6890200,25,10,11,26,12,16,91,49,51,0.54,0.04,0.34,0.03,0.02,NA,0.01,16.25,18.81,28.470000000000002,36.47,57100,5.1,960105,5725,1287,-9,-2.8000000000000003,24,0.17,0.039,NA,NA,136.8,675.8,138.9,15.2,11.4,20.3,10.4,0.156,0.192,1,1904800,425800,112900,2479.34,29,313,90,431,23.599999999999998,13.600000000000001,-10.100000000000001,2783,42,4,-11,216,4770858,45.09,837,57.99999999999999,6006,12426,18432,1523,4694,6217,6452,239,34,8,4035,27.400000000000002,29,-0.02,8456,9247,17703,6890200,113642,60.630752714665356,1.2272502975240196,1.342051028997707,2.569301326521727
2016,Arkansas,2945300,25,9,12,25,12,16,96,49,51,0.72,0.15,0.07,NA,0.01,NA,0.02,16.14,19.13,33.589999999999996,31.14,45907,4,426069,8018,1595,-16.2,-12.5,50,0.205,0.053,NA,NA,178.8,893.2,223.7,17.8,5.9,14,17.1,0.223,0.242,1,960600,321000,310800,1707.33,82,407,117,606,24.099999999999998,11.700000000000001,-12.4,5039,68,3,18,103,656572,62.6,92,39.6,4748,11915,16663,1253,4469,5722,7408,298,24,4,3906,19.5,48,-0.834,3473,3609,7082,2945300,52075,56.55880940950552,1.1791668081349949,1.225342070417275,2.4045088785522695
2016,California,39188300,25,10,13,26,12,14.000000000000002,87,50,50,0.38,0.05,0.39,0.15,0.01,0.01,0.02,13.98,17.86,27.6,40.550000000000004,66637,5.3,4340042,6392,1521,-5.2,-3.9,27,0.168,0.035,NA,NA,139.7,616.9,143.1,7.9,4.9,11.2,14,0.113,0.176,1,13189700,3673900,3673900,3421.19,84,277,72,432,23.9,10.4,-13.5,2519,30,4,NA,640,7932713,45.879999999999995,1443,38.4,5359,13371,18730,1433,4862,6295,7549,312,47,12,4735,24.5,16,0.346,52890,57712,110602,39188300,155973,251.25053695190834,1.3496375193616463,1.4726844491850883,2.8223219685467344
2016,Colorado,5509200,24,9,14.000000000000002,26,12,15,94,50,50,0.7,0.04,0.19,0.04,NA,NA,0.02,8.6,13.950000000000001,29.599999999999998,47.839999999999996,70566,3.2,475690,6629,1479,-0.3,-3.4000000000000004,21,0.194,0.045,NA,NA,137.1,669.5,129.8,14.3,9.5,16.6,9.6,0.146,0.145,1,1338700,450900,448600,2866.32,80,233,83,396,18.3,10.2,-8.1,2664,36,4,-1,123,1068743,38.41,225,64.4,5267,14072,19339,1375,5081,6456,6804,307,22,8,4623,26.1,10,0.559,7109,7238,14347,5509200,103730,53.11096114913718,1.2903869890365207,1.3138023669498295,2.60418935598635
2016,Connecticut,3570300,23,10,12,26,14.000000000000002,16,93,49,51,0.67,0.1,0.16,0.05,NA,<.01,NA,9.92,12.15,27.16,50.77,75923,4.8,431597,8903,1161,-3,-3.2,12,0.177,0.035,NA,NA,144.9,654,144.3,4.6,24.5,27.4,11.7,0.127,0.145,1,862800,216900,201600,2704.6,10,531,5,546,13.200000000000001,6.800000000000001,-6.4,3878,54,3,-13,41,458794,0.22999999999999998,155,56.39999999999999,5429,14591,20020,1670,5342,7012,9859,353,35,4,5187,14.6,3,0.747,6886,8390,15276,3570300,4845,736.9040247678018,1.9286894658712153,2.349942581855866,4.278632047727082
2016,Delaware,948200,23,9,12,25,14.000000000000002,17,94,48,52,0.62,0.21,0.11,0.03,NA,<.01,0.02,11.77,14.24,33.18,40.82,58046,4.3,147559,10751,353,-10.100000000000001,3.2,9,0.173,0.041,NA,NA,170.8,746.2,163.2,11,16.9,30.8,10.7,0.17,0.188,1,221800,67900,11500,3145.56,NA,534,11,545,14.2,7.9,-6.3,8034,89,2,-23,13,233024,31.91,55,57.4,6533,12874,19407,1535,5511,7046,10254,356,42,2,4806,18.4,31,-0.077,1506,1553,3059,948200,1955,485.01278772378515,1.5882725163467624,1.6378401181185402,3.2261126344653026
2016,Florida,20545300,22,8,12,26,13,19,89,48,52,0.55,0.15,0.26,0.03,<.01,NA,0.01,13.04,19.64,31.39,35.93,51176,4.9,3454530,3509,890,-4.3,-10,27,0.168,0.035,NA,NA,146.9,666.6,146.2,12.6,14.4,23.7,9.3,0.161,0.194,0,4036400,NA,NA,2091.2,98,310,211,619,28.799999999999997,18.4,-10.4,2466,44,6,69,264,5990814,21.82,1609,64.60000000000001,5568,11621,17189,1442,4626,6068,8076,287,57.99999999999999,7,4606,28.000000000000004,36,-0.307,27031,28971,56002,20545300,53997,380.48965683278703,1.3156780382861286,1.4101035273274178,2.7257815656135467
2016,Georgia,10280800,26,9,12,27,13,13,93,48,52,0.52,0.32,0.1,0.04,NA,NA,0.02,15.47,19.56,28.299999999999997,36.67,53527,5.4,1733473,4610,1023,-3,-5.5,21,0.172,0.04,NA,NA,160.2,800.4,179,15,8.8,13.3,14.3,0.175,0.185,0,1874300,NA,NA,1739.63,73,465,63,601,25.8,18,-7.8,2068,32,6,-24,239,3239213,43.85,612,60.3,5466,12237,17703,1299,4550,5849,6587,287,41,8,4406,27.500000000000004,41,-0.464,12335,12576,24911,10280800,57919,177.50306462473455,1.1998093533577152,1.2232511088631235,2.423060462220839
2016,Hawaii,1392400,23,9,13,24,14.000000000000002,17,90,49,51,0.19,0.02,0.1,0.39,NA,0.17,0.14,9.31,14.95,29.23,46.51,72133,3,176729,9685,2222,-4.8,-5,39,0.147,0.03,NA,NA,128.7,572,127,4.5,5.2,12.8,24.4,0.128,0.148,1,328400,115400,33900,2411.57,69,423,NA,492,9.6,4.6,-5,5148,60,2,-78,26,184449,69.81,17,11.200000000000001,4713,13799,18512,675,5364,6039,7299,262,26,2,4222,16.8,1,0.905,1809,1798,3607,1392400,6423,216.7834345321501,1.2991956334386672,1.2912956047112898,2.590491238149957
2016,Idaho,1679000,28.000000000000004,9,11,24,13,15,96,50,50,0.82,0.01,0.13,0.02,NA,NA,0.01,11.110000000000001,19.85,35.120000000000005,33.93,56564,3.8,185303,4358,2000,-4.2,-7.5,41,0.21,0.048,NA,NA,150.9,725,160,14.6,7.4,15.2,11.3,0.143,0.151,0,311400,NA,NA,2707.92,89,215,85,389,23.200000000000003,15.2,-8,3369,49,4,-14,103,531793,48.36,88,51.6,4275,12893,17168,877,4981,5858,6927,284,51,5,3560,25.2,15,0.356,1599,1325,2924,1679000,82751,20.289785017703714,0.9523525908278738,0.7891602144133413,1.741512805241215
2016,Illinois,12607400,24,10,12,26,13,15,93,49,51,0.61,0.14,0.17,0.06,NA,NA,0.01,12.23,14.78,27.439999999999998,45.550000000000004,61386,5.800000000000001,1914393,4245,703,-5.3,-3.6999999999999997,17,0.155,0.037,NA,NA,163.5,724.3,165.7,11.7,15.3,18.9,14.5,0.155,0.179,1,2944000,690400,662200,2431.11,24,472,41,538,18.3,9.3,-9,4529,66,4,-8,234,3847031,57.43000000000001,527,48.9,4557,15099,19656,1382,5111,6493,8262,255,40,7,4875,18.099999999999998,26,0.084,21721,21155,42876,12607400,55593,226.7803500440703,1.7228770404682963,1.6779827720227802,3.4008598124910767
2016,Indiana,6503200,26,9,12,25,13,15,97,49,51,0.81,0.09,0.06,0.02,NA,NA,0.02,11.959999999999999,17.47,32.129999999999995,38.45,56094,4.3,741610,4735,1213,-1.5,-11.200000000000001,31,0.195,0.048,NA,NA,172.5,835,180.6,15,12.6,24,12.6,0.218,0.206,1,1314600,412700,265800,2357.27,70,386,72,528,19.3,10.8,-8.5,2302,33,5,36,159,3259892,78.36999999999999,234,59.599999999999994,4547,13706,18253,1460,4702,6162,8300,282,35,7,4078,19.2,39,-0.372,8040,8667,16707,6503200,35870,181.2991357680513,1.236314429819166,1.3327285028908846,2.5690429327100506
2016,Iowa,3106200,24,10,13,23,14.000000000000002,16,97,50,50,0.86,0.03,0.06,0.02,NA,NA,0.02,9.959999999999999,16.16,31.630000000000003,42.24,59094,3.5999999999999996,380705,7367,1453,16.8,-1.5,3,0.174,0.039,NA,NA,159.8,721.1,162.8,9.2,6.2,10.6,11.6,0.171,0.154,1,594900,150000,139300,1517.18,185,422,7,615,12.4,5.800000000000001,-6.6000000000000005,5020,66,3,16,132,726989,62.21,98,58.8,4262,12824,17086,1357,4771,6128,8200,300,20,4,4076,17.4,17,0.343,4376,4082,8458,3106200,55875,55.59194630872483,1.4087953126006052,1.3141459017448973,2.7229412143455027
2016,Kansas,2865000,27,9,12,24,14.000000000000002,15,96,50,50,0.74,0.06,0.14,0.02,NA,NA,0.03,11.4,17.49,32.99,38.12,56810,4.3,253833,5202,2506,8,-7.9,35,0.177,0.042,NA,NA,158.6,756.8,159.2,13.4,5.1,11.1,14.4,0.174,0.167,0,407900,NA,NA,1632.44,240,287,134,660,17.299999999999997,11.799999999999999,-5.5,3822,56.00000000000001,4,-11,169,802087,51.31,134,53.2,4848,13381,18229,1219,4888,6107,7651,264,31,3,4855,22.400000000000002,27,-0.012,4067,3758,7825,2865000,81823,35.01460469550126,1.419546247818499,1.3116928446771379,2.731239092495637
2016,Kentucky,4388200,25,10,11,26,13,16,97,49,51,0.84,0.08,0.05,NA,NA,NA,NA,15.310000000000002,21.69,30.09,32.910000000000004,45369,5,666264,7370,2468,-5.3,-11.600000000000001,48,0.215,0.051,NA,NA,193.8,938.4,203,17.5,23.6,33.5,17.3,0.246,0.255,1,1316300,462000,462000,1853.01,93,523,72,689,20.9,7.1,-13.8,5957,76,3,19,167,1117446,61.01,147,64.5,4764,12184,16948,1453,4648,6101,8004,261,30,7,4551,17.7,45,-0.651,5350,6320,11670,4388200,39732,110.44498137521393,1.2191787065311517,1.4402260607994166,2.6594047673305683
2016,Louisiana,4578500,26,10,12,25,13,14.000000000000002,98,48,52,0.59,0.32,0.05,0.02,NA,NA,0.02,20.28,19.99,27.61,32.129999999999995,42196,6.1,927168,5924,1859,6.1,23.5,5,0.168,0.044,NA,NA,171.9,870.5,213.1,21.3,7.7,21.8,14.3,0.231,0.229,1,1571900,324100,324100,1900.41,114,427,103,644,24.6,15.299999999999999,-9.3,4193,61,4,45,144,2719568,68.19,283,45.800000000000004,5977,11423,17400,1465,4561,6026,7815,353,38,4,4420,21.7,49,-1.043,6221,7387,13608,4578500,43566,105.09342147546252,1.3587419460522006,1.6134105056241126,2.972152451676313
2016,Maine,1321600,21,8,10,28.000000000000004,15,19,99,49,51,0.92,0.01,0.02,NA,NA,NA,0.03,12.98,18.18,29.720000000000002,39.12,50856,4,189245,6038,2175,-0.7000000000000001,-6.1,35,0.174,0.043,NA,NA,168.9,759,149.5,8.3,25.2,28.7,12,0.173,0.161,0,274500,NA,NA,2261.72,11,610,18,639,16,11.200000000000001,-4.8,4571,62,3,-9,68,85030,42.33,16,67.10000000000001,4825,12597,17422,1311,4821,6132,9531,335,57.99999999999999,3,5015,12.8,22,0.192,2431,2235,4666,1321600,30865,42.81872671310546,1.8394370460048428,1.69113196125908,3.5305690072639226
2016,Maryland,5932800,24,9,13,26,13,15,93,48,52,0.53,0.29,0.11,0.05,NA,NA,0.02,7.199999999999999,15.459999999999999,25.869999999999997,51.480000000000004,73760,4.2,744343,6778,675,-15.4,-7.3,34,0.162,0.033,NA,NA,156.5,717.6,164.3,11.9,29.7,33.2,15.1,0.138,0.154,1,1160800,277000,277000,2694.3,NA,498,2,500,13.900000000000002,8.3,-5.7,6406,79,2,1,60,1178084,47.15,231,48.3,6048,12867,18915,1711,4866,6577,8602,254,34,5,4343,16.8,18,0.322,10808,13493,24301,5932800,9775,606.9360613810742,1.8217367853290185,2.2743055555555554,4.0960423408845745
2016,Massachusetts,6779600,22,10,14.000000000000002,26,14.000000000000002,15,90,49,51,0.72,0.07,0.12,0.07,NA,NA,0.01,9.629999999999999,12.44,24.54,53.39,72266,3.3000000000000003,779192,8997,1403,-32.1,-1.5,29,0.19,0.043,NA,NA,150.2,669,134.8,3.4,29.7,33,14.1,0.137,0.152,1,1853800,398300,0,2955.25,14,488,92,594,5.4,3.5000000000000004,-1.7999999999999998,2217,36,5,-17,68,539073,38.66,113,43,5571,15482,21053,1747,5284,7031,10559,257,59,10,5302,13.4,2,0.76,15609,20347,35956,6779600,7838,864.9655524368461,2.30234822113399,3.001209510885598,5.303557732019589
2016,Michigan,9893200,23,9,12,26,14.000000000000002,16,96,49,51,0.75,0.14,0.05,0.03,NA,NA,0.02,11.21,15.989999999999998,31.34,41.449999999999996,57091,5,1473614,5481,1698,-5.800000000000001,-6.5,43,0.171,0.044,NA,NA,166.4,785.4,200.6,12.3,18.5,24.4,13.7,0.193,0.184,1,2321200,636800,592800,2245.07,19,507,59,584,16.1,7.5,-8.6,3370,52,5,44,361,2193779,55.87,320,51,3646,15283,18929,1385,5003,6388,8055,260,43,11,3950,15.2,34,-0.251,18301,20065,38366,9893200,56539,174.9801022303189,1.8498564670682893,2.028160756883516,3.878017223951805
2016,Minnesota,5436600,25,8,11,27,13,16,96,49,51,0.8,0.06,0.06,0.04,NA,NA,0.02,8.77,11.68,30.220000000000002,49.34,70218,4,478783,6666,2550,7.5,-3.9,24,0.179,0.042,NA,NA,148.6,648.1,114.9,7.6,7.4,12.5,7.8,0.145,0.127,1,1246000,222900,222300,2207.59,88,513,NA,601,10.8,5.7,-5.1,3228,45,4,-45,128,464373,47.65,78,65.9,4998,13509,18507,1362,4906,6268,8871,260,22,4,4603,25.3,4,0.727,8619,9239,17858,5436600,79617,68.28441162063379,1.5853658536585367,1.699407718059081,3.2847735717176176
2016,Mississippi,2948100,26,10,11,26,13,15,99,48,52,0.58,0.37,0.03,NA,NA,NA,0.01,21.26,20.91,28.52,29.310000000000002,41099,5.7,582658,6614,2741,-10.2,-11.700000000000001,51,0.17,0.038,NA,NA,187.7,948.9,233.1,19.9,6.2,12.1,23.4,0.222,0.253,0,729700,NA,NA,1176.14,384,310,124,819,24.8,17.7,-7.1,2937,43,4,42,117,1747991,41.160000000000004,344,51.1,5137,12206,17343,1309,4569,5878,7646,279,26,3,4045,23.5,50,-1.123,3165,3402,6567,2948100,46914,62.84051669011382,1.0735728096061872,1.1539635697567925,2.2275363793629794
2016,Missouri,5888700,25,9,12,25,12,17,97,48,52,0.79,0.11,0.04,0.02,NA,NA,0.03,13.13,17.31,31.66,37.91,55016,4.7,810690,4042,1923,12.6,-8,26,0.176,0.041,NA,NA,167,808.2,192.1,19,15.9,23.6,15.1,0.208,0.19,0,983600,NA,NA,2262.21,84,498,89,671,18.3,12.7,-5.6000000000000005,1984,27,5,48,250,2314257,16.99,622,64.8,4654,14109,18763,1318,5036,6354,8107,314,43,6,4354,23.799999999999997,37,-0.338,9318,10761,20079,5888700,68898,85.4698249586345,1.5823526414998217,1.827398237301951,3.4097508788017725
2016,Montana,1035500,23,8,12,24,14.000000000000002,19,99,50,50,0.89,0.01,0.03,0.01,NA,NA,0.03,12.1,17.87,31.319999999999997,38.7,57075,4.1000000000000005,116626,6124,4475,3.3000000000000003,3.6999999999999997,19,0.201,0.053,NA,NA,145.9,743.2,154.4,18.9,4.2,11.7,11.1,0.172,0.16,1,213100,58100,58100,1509.39,38,670,41,749,23.1,12.1,-11,5409,70,3,-21,122,330385,38.37,63,60.9,4845,13087,17932,1122,5641,6763,8221,322,48,3,3882,28.599999999999998,23,0.178,1156,1154,2310,1035500,145556,7.114100414960565,1.116368903911154,1.1144374698213424,2.2308063737324964
2016,Nebraska,1876100,27,10,12,24,10,16,94,49,51,0.78,0.04,0.13,0.03,NA,<.01,0.02,9.84,15.920000000000002,33.43,40.8,59374,3.3000000000000003,175851,6088,2261,10.100000000000001,0.6,12,0.18,0.04,NA,NA,153.6,707,140.3,9.1,2.4,6.4,14.3,0.154,0.149,0,238900,NA,NA,1883.36,87,572,12,672,15,12.1,-2.8000000000000003,3516,48,3,-18,111,28024,56.02,6,59.3,4854,13345,18199,1351,4954,6305,8412,332,36,4,4536,19.900000000000002,12,0.432,2878,2715,5593,1876100,76878,24.4036005098988,1.5340333670913064,1.4471510047438836,2.98118437183519
2016,Nevada,2943200,25,9,13,25,13,16,92,50,50,0.52,0.09,0.27,0.08,NA,NA,0.03,10.209999999999999,19.67,36.199999999999996,33.92,55431,5.4,439782,4394,821,-14.799999999999999,1.2,19,0.179,0.041,NA,NA,157.3,762.6,205.9,16.8,13.3,21.7,18.1,0.176,0.203,1,597400,203900,203900,1895.32,66,138,319,524,27.1,15.299999999999999,-11.700000000000001,4272,57.99999999999999,3,29,90,1235504,51.23,205,48.8,5529,11692,17221,1255,4501,5756,6714,286,36,3,3417,33.800000000000004,35,-0.304,3035,3045,6080,2943200,109806,26.8036355026137,1.0311905409078554,1.0345882033161184,2.065778744223974
2016,New Hampshire,1318100,21,9,11,25,16,17,97,49,51,0.92,0.01,0.03,0.02,NA,NA,0.02,6.529999999999999,11.97,27.91,53.59,76260,2.8000000000000003,98464,4371,2270,-11,-7.7,48,0.19,0.049,NA,NA,164.1,721.5,151.1,9.3,35.8,39,11.8,0.157,0.139,1,192100,53900,53700,2431.08,NA,412,78,490,15.7,9,-6.7,2581,39,4,25,32,117263,56.69,19,75.6,5578,13652,19230,1649,5021,6670,9589,262,50,5,4880,12.9,6,0.696,1976,2191,4167,1318100,8969,146.9617571635634,1.4991275320537136,1.6622411046202867,3.161368636674
2016,New Jersey,8851500,23,9,11,27,14.000000000000002,16,90,49,51,0.58,0.13,0.18,0.11,NA,NA,NA,9.53,14.97,24.67,50.83,68468,4.9,879987,6321,563,4.6,-4.6,6,0.153,0.035,NA,NA,149.7,668.5,164.7,5.5,16,23.2,10.7,0.137,0.184,1,1703200,562800,562800,2694.32,11,480,52,543,18.9,11,-8,4100,60,4,39,35,28823,54.900000000000006,13,40.699999999999996,5431,15238,20669,1595,5479,7074,8859,332,44,5,5081,20.8,9,0.571,14610,15459,30069,8851500,7419,1193.0853214718966,1.6505677003897645,1.7464836468395186,3.397051347229283
2016,New Mexico,2045000,26,10,11,24,14.000000000000002,15,94,49,51,0.37,0.02,0.46,NA,NA,NA,0.01,17.86,23.18,28.17,30.79,48451,6.800000000000001,471247,8690,1173,4,4.7,2,0.187,0.043,NA,NA,138.8,753.4,150.6,18.1,17.5,25.2,14.6,0.175,0.214,1,881200,253400,253400,2634.68,83,175,152,410,27.700000000000003,12.6,-15.1,3021,35,3,-9,104,1048498,23,261,47.8,5255,13483,18738,1335,4940,6275,7214,212,36,4,4155,28.499999999999996,38,-0.363,2869,2795,5664,2045000,121365,16.849997940098053,1.4029339853300733,1.3667481662591687,2.769682151589242
2016,New York,19482300,23,9,14.000000000000002,26,12,17,91,48,52,0.57,0.14,0.18,0.09,<.01,NA,0.01,12,16.5,28.09,43.41,61437,4.9,2968227,7633,1471,3.2,-1.5,10,0.173,0.04,NA,NA,147.5,640.7,177.8,4.4,15.1,18,18.3,0.141,0.173,1,6317200,2070800,285600,2559.38,133,639,NA,772,15.299999999999999,8.5,-6.800000000000001,993,14.000000000000002,8,-1,197,5821682,41.81,1205,45.1,5878,15439,21317,1568,5741,7309,9778,393,22,15,5338,17.2,13,0.43,40077,48342,88419,19482300,47224,412.5508216161274,2.0570979812445143,2.481329206510525,4.5384271877550395
2016,North Carolina,10068300,24,10,12,25,13,16,95,48,52,0.61,0.21,0.1,0.03,NA,NA,0.02,13.66,17.130000000000003,32.71,36.49,53764,5.1,1568387,4380,1168,-11.700000000000001,-10.100000000000001,44,0.183,0.046,NA,NA,161.6,782.4,155.8,13.7,15.4,19.7,16.5,0.172,0.191,0,2027900,NA,NA,1919.19,156,348,35,539,22.400000000000002,15.1,-7.3,4386,60,3,73,159,1902580,47.22,322,60.6,5833,12268,18101,1391,4957,6348,7264,389,54,3,3859,21.2,32,-0.194,13187,14755,27942,10068300,48718,206.66488772117083,1.3097543776009852,1.4654906985290466,2.775245076130032
2016,North Dakota,749500,25,10,15,23,13,15,97,51,49,0.85,0.03,0.04,NA,0.04,NA,0.03,11.12,13.68,34.31,40.89,60184,3.1,54252,9841,14760,15.1,3.1,15,0.167,0.04,NA,NA,142.7,688.4,140.9,11.9,7.6,10.6,14.5,0.183,0.153,1,93600,21400,20400,1997.97,NA,908,17,925,13.4,8.9,-4.3999999999999995,5857,74,3,27,80,196600,35.839999999999996,38,45.7,4684,13202,17886,1182,5159,6341,9851,330,26,3,4410,29.099999999999998,11,0.473,1106,887,1993,749500,68994,10.863263472185988,1.475650433622415,1.1834556370913942,2.659106070713809
2016,Ohio,11468700,24,9,12,25,14.000000000000002,16,98,49,51,0.78,0.12,0.04,0.02,NA,NA,0.03,13.950000000000001,16.2,29.37,40.48,53985,5,1608633,5808,928,5.5,-3.8,7,0.193,0.05,NA,NA,173.4,832.3,185.1,12.9,32.9,39.1,15,0.211,0.189,1,3158600,710500,652300,2703.9,59,520,38,617,15.8,7.7,-8.1,1960,35,4,28,150,1396882,55.24,208,59.8,4243,13942,18185,1388,4859,6247,8712,268,30,14,4371,18.8,40,-0.391,19318,22463,41781,11468700,40953,280.04541791810124,1.684410613234281,1.9586352420065045,3.643045855240786
2016,Oklahoma,3921100,26,8,14.000000000000002,25,12,15,95,50,50,0.64,0.07,0.12,NA,0.08,NA,0.06,14.829999999999998,18.970000000000002,32.43,33.76,50943,5,612869,5790,2166,23.200000000000003,1.9,7,0.184,0.045,NA,NA,177.8,888.4,228.2,19.6,11.6,21.5,12.4,0.201,0.216,0,703300,NA,NA,1794.92,95,283,185,562,24.4,19.8,-4.6,8049,89,2,5,186,1312316,56.49999999999999,201,45.4,5808,12444,18252,1383,4853,6236,7627,306,31,2,3878,24.8,46,-0.691,4749,4616,9365,3921100,68679,57.093143464523365,1.2111397311978782,1.1772206778710055,2.3883604090688837
2016,Oregon,4130200,23,8,11,28.000000000000004,13,17,93,50,50,0.75,0.02,0.14,0.04,NA,NA,0.04,11.93,18.88,29.5,39.69,59135,4.9,734864,9104,1644,-0.7000000000000001,-6.5,31,0.221,0.051,NA,NA,155.9,705.9,135,11.9,7.6,11.9,8.9,0.161,0.176,1,1104000,556700,481300,3536.98,54,304,11,368,21.4,8.7,-12.7,2723,44,5,-19,127,1072476,54.459999999999994,165,53.7,5009,12944,17953,1023,5058,6081,8044,274,46,10,4232,23.400000000000002,21,0.211,5839,6081,11920,4130200,96003,43.021572242534084,1.4137329911384438,1.4723257953609996,2.886058786499443
2016,Pennsylvania,12557900,23,9,12,24,14.000000000000002,18,97,49,51,0.76,0.11,0.07,0.04,NA,NA,0.02,11.37,14.32,30.89,43.419999999999995,60979,5.5,1863836,5973,1015,22.3,0.1,1,0.184,0.041,NA,NA,164.7,770.1,176.2,12,18.5,37.9,13.9,0.187,0.186,1,2799300,751000,707900,2331.99,0,584,85,670,13.600000000000001,7.7,-5.8999999999999995,1897,28.999999999999996,7,-7,166,727671,56.05,134,49.4,5377,13212,18589,1543,4979,6522,9258,260,46,7,4634,14.499999999999998,28,-0.016,23889,26187,50076,12557900,44820,280.18518518518516,1.9023085069955965,2.085300886294683,3.9876093932902794
2016,Rhode Island,1054300,21,9,12,27,15,17,93,49,51,0.72,0.06,0.16,0.04,NA,NA,NA,11.57,14.299999999999999,28.7,45.43,61528,5.3,171055,8166,1595,-0.3,-2.5,18,0.189,0.041,NA,NA,158,690.1,152.4,4.1,26.7,30.8,11,0.149,0.172,1,286500,61500,61500,2814.2,NA,495,29,524,16.5,5.8999999999999995,-10.6,4913,61,2,72,14,161671,66.97,20,53.6,5374,13013,18387,1707,5341,7048,9551,263,41,3,4620,12.2,14,0.422,2403,2547,4950,1054300,1034,1019.6324951644101,2.279237408707199,2.4158209238357204,4.69505833254292
2016,South Carolina,4908400,24,8,11,26,14.000000000000002,17,97,48,52,0.65,0.26,0.05,0.02,NA,NA,NA,14.27,18.01,30.4,37.32,54336,4.5,805012,4626,795,-12.8,-6,29,0.175,0.039,NA,NA,167.7,829.8,173.8,17.7,13.1,18.1,12,0.188,0.193,0,1214300,NA,NA,1941.32,144,270,151,565,22.6,14.7,-7.9,8149,90,2,26,103,2230932,69.48,232,55.900000000000006,5261,12980,18241,1339,4740,6079,7311,301,44,3,4235,22.6,42,-0.532,6361,6435,12796,4908400,30111,163.0101956095779,1.2959416510471844,1.3110178469562384,2.6069594980034227
2016,South Dakota,855400,27,9,11,22,13,18,99,50,50,0.82,0.02,0.05,NA,NA,<.01,0.02,14.49,16.05,30.37,39.09,57450,2.9000000000000004,95983,4821,4876,-5.3,-2.1999999999999997,37,0.173,0.04,NA,NA,156.7,719.5,153.4,13.4,5,8.4,16.7,0.193,0.143,0,109100,NA,NA,1333.03,56,1061,32,1150,17.299999999999997,12,-5.4,3608,48,3,6,94,258414,43.82,45,72.6,5702,11993,17695,1442,5091,6533,8933,329,24,2,4335,24.2,24,0.169,1082,951,2033,855400,75898,11.270389206566708,1.264905307458499,1.1117605798456862,2.376665887304185
2016,Tennessee,6674100,23,9,13,25,14.000000000000002,16,96,49,51,0.73,0.17,0.06,0.02,NA,NA,0.02,15.14,18.709999999999997,29.720000000000002,36.43,51344,4.9,1113231,4801,1398,-11.4,-8.9,45,0.191,0.049,NA,NA,179.9,886.3,198.8,17.1,18.1,24.5,20.1,0.226,0.213,0,1728300,NA,NA,1809.7,112,378,186,676,20.200000000000003,13.5,-6.7,3903,57.99999999999999,4,2,139,2448935,70.21,245,66.4,5223,12126,17349,1431,4575,6006,7372,287,37,4,4680,22.6,44,-0.626,8842,10031,18873,6674100,41220,161.9141193595342,1.3248228225528536,1.5029741837850796,2.827797006337933
2016,Texas,27677200,28.000000000000004,10,13,25,11,12,89,49,51,0.43,0.12,0.38,0.05,<.01,NA,0.01,13.83,17.93,29.830000000000002,38.4,58146,4.7,3768472,4406,2233,5.8999999999999995,2.6,11,0.155,0.032,NA,NA,148.5,730.6,167.7,12.1,4.9,10.1,11.1,0.157,0.208,0,4353000,NA,NA,2320.76,88,227,185,500,29.7,22.7,-7.000000000000001,2322,44,6,-8,463,5729488,67.34,724,60.099999999999994,5809,12443,18252,1355,4847,6202,6998,269,35,16,4696,32.2,33,-0.208,30407,33519,63926,27677200,261914,105.67285444840672,1.0986299192114808,1.2110690387755987,2.3096989579870795
2016,Utah,3079700,31,11,14.000000000000002,24,9,11,95,50,50,0.79,0.01,0.14,0.02,NA,NA,0.02,8.690000000000001,17.21,35.23,38.87,67481,3.3000000000000003,219820,4471,1111,-4,-3.2,14,0.218,0.051,NA,NA,122.4,714.7,150,12.9,16.4,22.4,15.5,0.089,0.136,0,337400,NA,NA,2825.09,66,185,92,343,17.7,11.600000000000001,-6.2,4270,61,4,-43,62,746636,66.9,100,64.3,4374,11976,16350,1094,4474,5568,5982,260,45,4,3657,28.999999999999996,8,0.578,2959,3650,6609,3079700,82168,37.480527699347675,0.9608078708965159,1.1851803747118226,2.1459882456083386
2016,Vermont,622500,21,9,10,26,16,18,99,50,50,0.94,0.01,0.01,NA,NA,NA,0.02,9.78,14.74,31.7,43.78,60837,3.2,79715,8905,7876,-8.799999999999999,-5.6000000000000005,47,0.206,0.053,NA,NA,158.4,712.8,158.8,11.1,18.4,22.2,7,0.158,0.141,1,210700,66400,0,2244.49,NA,475,NA,475,9.8,5.3,-4.5,7856,88,2,19,33,12322,53.559999999999995,2,63.3,4996,13556,18552,1483,5068,6551,10190,468,46,2,5313,12.6,5,0.709,1091,1176,2267,622500,9249,67.30457346740188,1.7526104417670683,1.889156626506024,3.6417670682730923
2016,Virginia,8175000,25,9,12,27,13,14.000000000000002,93,48,52,0.61,0.18,0.11,0.07,NA,NA,0.03,11.51,15.370000000000001,27.389999999999997,45.72,66451,4.1000000000000005,826354,5836,1260,0.1,-4.1000000000000005,15,0.193,0.044,NA,NA,156.1,715.5,150.7,12.1,13.5,16.7,12.7,0.164,0.164,0,999300,NA,NA,1958.58,55,378,100,532,16.900000000000002,11.899999999999999,-5.1,2857,46,5,26,110,1528472,63.13999999999999,185,51.2,6233,12031,18264,1625,4674,6299,7556,292,39,7,4218,23.3,19,0.264,11378,11495,22873,8175000,39598,206.44982069801506,1.3918042813455658,1.4061162079510705,2.797920489296636
2016,Washington,7297300,24,10,13,26,13,15,92,50,50,0.66,0.03,0.14,0.10,NA,NA,0.04,11.08,15.290000000000001,29.39,44.24,70310,5.3,1011412,5733,1653,-1.7000000000000002,-8.3,39,0.201,0.047,NA,NA,150.9,672,136.1,9,9.4,14.5,10,0.135,0.16,1,1825000,601200,586500,3467.39,94,277,26,397,19.7,8.4,-11.200000000000001,2738,42,5,10,207,3229675,31.630000000000003,692,46.2,4657,14815,19472,903,5592,6495,7913,247,27,8,4328,24.4,7,0.582,10539,10879,21418,7297300,66582,109.59869033672764,1.4442327984322967,1.49082537376838,2.935058172200677
2016,West Virginia,1814100,22,9,10,26,15,18,99,50,50,0.93,0.03,0.01,NA,NA,<.01,NA,18.29,19.68,31.759999999999998,30.259999999999998,44354,5.8999999999999995,357531,8832,7403,-4.6,-2.7,38,0.206,0.051,NA,NA,182.2,943.3,191,17.5,43.4,52,17.3,0.26,0.259,1,568600,180500,180500,1702.27,61,617,127,805,20.3,7.5,-12.8,8232,91,2,-38,126,627731,45.18,119,52.400000000000006,3758,16494,20252,1357,5217,6574,9462,359,33,2,3917,19.3,43,-0.595,2841,2794,5635,1814100,24087,75.31448499190435,1.566065817760873,1.5401576539330797,3.106223471693953
2016,Wisconsin,5766100,24,9,11,25,15,16,97,50,50,0.8,0.06,0.08,0.03,NA,<.01,0.02,10.780000000000001,15.920000000000002,30.240000000000002,43.07,59817,4.2,728077,7914,1359,-9.2,-7.8,42,0.182,0.042,NA,NA,158,717.9,154.9,11.4,15.8,19.3,11.9,0.16,0.169,0,1201800,NA,NA,2369.23,1,445,13,458,12.7,7.199999999999999,-5.5,1177,20,8,-3,137,1401203,65.72,161,65.7,4842,13943,18785,1463,4974,6437,8702,319,44,16,5159,17.7,20,0.22,8342,9008,17350,5766100,54314,106.1623154251206,1.446731759768301,1.5622344392223515,3.008966198990652
2016,Wyoming,571700,27,8,12,24,14.000000000000002,15,98,50,50,0.86,0.01,0.09,NA,NA,NA,0.02,11.04,19.81,29.53,39.62,57829,5.1,33853,8738,2071,18.3,7.1,3,0.19,0.045,NA,NA,140.9,720.9,157.8,17.4,8.7,17.6,15,0.187,0.154,0,65700,NA,NA,1355.47,538,66,17,621,17.8,14.7,-3.1,8826,94,1,-12,41,158554,55.669999999999995,19,61.199999999999996,4863,16492,21355,1155,6102,7257,8320,463,35,1,4957,31.5,25,0.116,627,545,1172,571700,97105,5.8874414293805675,1.096729053699493,0.9532971838376771,2.05002623753717
